name,slug,description,category_slug,price,created_at,updated_at
"Greeting Cards 14pt + AQ",greeting-cards-14pt-aq,"Greeting Cards 14pt with AQ",print-products,0,"2024-09-10 17:22:49","2024-09-10 17:22:49"
"Premium Pull Up Banners 13oz Matte Vinyl",premium-pull-up-banner,"Premium Pull Up Banners with 13oz Matte Vinyl",large-format,0,"2024-09-10 17:22:50","2024-09-10 17:22:50"
"20pt Styrene",styrene-20pt,"20pt Styrene for signage",large-format,0,"2024-09-10 17:22:50","2024-09-10 17:22:50"
"Canvas Roll",canvas-roll,"Canvas Roll for printing",large-format,0,"2024-09-10 17:22:50","2024-09-10 17:22:50"
"Removable Wall Decals 7 Mil",removable-wall-decals-7-mil,"Removable Wall Decals with 7 Mil thickness",stationary,0,"2024-09-10 17:22:50","2024-09-10 17:22:50"
"Cut to Shape Removable Decals",cut-to-shape-removable-decals,"Cut to Shape Removable Decals for various applications",stationary,0,"2024-09-10 17:22:50","2024-09-10 17:22:50"
"Social Distancing Floor Stickers",social-distancing-floor-stickers,"Social Distancing Floor Stickers",stationary,0,"2024-09-10 17:22:50","2024-09-10 17:22:50"
"Greeting Cards 14pt Writable + AQ (C1S)",greeting-cards-14c1s-aq,"Greeting Cards 14pt Writable with AQ (C1S)",print-products,0,"2024-09-10 17:22:50","2024-09-10 17:22:50"
"Greeting Cards 14pt Writable + UV (C1S)",greeting-cards-14ptc1s-uv,"Greeting Cards 14pt Writable with UV (C1S)",print-products,0,"2024-09-10 17:22:50","2024-09-10 17:22:50"
"Greeting Cards 13pt Enviro Uncoated",greeting-cards-13pt-enviro,"Greeting Cards 13pt Enviro Uncoated",print-products,0,"2024-09-10 17:22:51","2024-09-10 17:22:51"
"Booklets 80lb Gloss Text (8.5 x 5.5)",booklets-80lb-85x55,"Booklets 80lb Gloss Text (8.5 x 5.5)",print-products,0,"2024-09-10 17:22:51","2024-09-10 17:22:51"
"Booklets 80lb Gloss Text (8.5 x 11)",booklets-80lb-85x11,"Booklets 80lb Gloss Text (8.5 x 11)",print-products,0,"2024-09-10 17:22:51","2024-09-10 17:22:51"
"Booklets 100lb Gloss Text (8.5 x 5.5)",booklets-100lb-85x55,"Booklets 100lb Gloss Text (8.5 x 5.5)",print-products,0,"2024-09-10 17:22:51","2024-09-10 17:22:51"
"Booklets 100lb Gloss Text (8.5 x 11)",booklets-100lb-85x11,"Booklets 100lb Gloss Text (8.5 x 11)",print-products,0,"2024-09-10 17:22:51","2024-09-10 17:22:51"
"Presentation Folders 14PT + AQ",presentation-folders-14pt-aq,"Presentation Folders 14PT with AQ",print-products,0,"2024-09-10 17:22:51","2024-09-10 17:22:51"
"Presentation Folders 14PT + Matte Finish",presentation-folders-14pt-matteaq,"Presentation Folders 14PT with Matte Finish",print-products,0,"2024-09-10 17:22:51","2024-09-10 17:22:51"
"Magnets 14PT",magnets-14pt,"Magnets 14PT for advertising",print-products,0,"2024-09-10 17:22:51","2024-09-10 17:22:51"
"Wall Calendars 80LB Gloss Text",wall-calendars-80lb,"Wall Calendars 80LB Gloss Text for marketing",print-products,0,"2024-09-10 17:22:52","2024-09-10 17:22:52"
"Door Hangers 14PT + AQ",door-hangers-14pt-aq,"Door Hangers 14PT with AQ",print-products,0,"2024-09-10 17:22:52","2024-09-10 17:22:52"
"Door Hangers 14PT + UV (High Gloss)",door-hangers-14pt-uv,"Door Hangers 14PT with UV (High Gloss)",print-products,0,"2024-09-10 17:22:52","2024-09-10 17:22:52"
"Plastic 14PT",plastic-14pt,"Plastic 14PT for durable cards",print-products,0,"2024-09-10 17:22:52","2024-09-10 17:22:52"
"Letterheads 60LB Uncoated",letterheads-60lb,"Letterheads 60LB for professional correspondence",print-products,0,"2024-09-10 17:22:52","2024-09-10 17:22:52"
"Invitations 14pt + AQ",invitation-14pt-aq,"Invitations 14pt with AQ",print-products,0,"2024-09-10 17:22:52","2024-09-10 17:22:52"
"Invitations 14pt + UV",invitation-14pt-uv,"Invitations 14pt with UV",print-products,0,"2024-09-10 17:22:52","2024-09-10 17:22:52"
"Invitations 14pt Writable + AQ (C1S)",invitations-14pt-writable-aq-c1s,"Invitations 14pt Writable with AQ (C1S)",print-products,0,"2024-09-10 17:22:52","2024-09-10 17:22:52"
"Posters 100LB + UV (High Gloss)",posters-100lb-uv,"Posters 100LB with UV (High Gloss)",print-products,0,"2024-09-10 17:22:53","2024-09-10 17:22:53"
"X-Frame Banners 13oz Matte Vinyl",xframe-13oz-matte,"X-Frame Banners 13oz Matte Vinyl",large-format,0,"2024-09-10 17:22:53","2024-09-10 17:22:53"
"A-Frame Signs 4mm Coroplast",aframe-4mm,"A-Frame Signs with 4mm Coroplast",large-format,0,"2024-09-10 17:22:53","2024-09-10 17:22:53"
"Brochures 100LB Gloss Text",brochures-100lb-gloss,"Brochures 100LB Gloss Text",print-products,0,"2024-09-10 17:22:56","2024-09-10 17:22:56"
"Brochures 100LB + UV (High Gloss)",brochures-100lb-uv,"Brochures 100LB with UV (High Gloss)",print-products,0,"2024-09-10 17:22:56","2024-09-10 17:22:56"
"Brochures 100LB + Matte Finish",brochures-100lb-matte-finish,"Brochures 100LB with Matte Finish",print-products,0,"2024-09-10 17:22:56","2024-09-10 17:22:56"
"Brochures 80LB Enviro Uncoated",brochures-80lb-enviro,"Brochures 80LB Enviro Uncoated",print-products,0,"2024-09-10 17:22:56","2024-09-10 17:22:56"
"Presentation Folders 14PT + UV (High Gloss)",presentation-folders-14pt-uv,"Presentation Folders 14PT with UV (High Gloss)",print-products,0,"2024-09-10 17:22:57","2024-09-10 17:22:57"
"Wall Calendars 100LB Gloss Text",wall-calendars-100lb,"Wall Calendars 100LB Gloss Text",print-products,0,"2024-09-10 17:22:57","2024-09-10 17:22:57"
"Posters 100LB Gloss Text",posters-100lb,"Posters 100LB Gloss Text",print-products,0,"2024-09-10 17:22:57","2024-09-10 17:22:57"
"Posters 100LB + Matte Finish",posters-100lb-matte-finish,"Posters 100LB with Matte Finish",print-products,0,"2024-09-10 17:22:58","2024-09-10 17:22:58"
"Posters 80LB Enviro Uncoated",posters-80lb-enviro,"Posters 80LB Enviro Uncoated",print-products,0,"2024-09-10 17:22:58","2024-09-10 17:22:58"
"Door Hangers 14PT + Matte Finish",door-hangers-14pt-matte-finish,"Door Hangers 14PT with Matte Finish",print-products,0,"2024-09-10 17:22:58","2024-09-10 17:22:58"
"Door Hangers 13PT Enviro Uncoated",door-hangers-13pt-enviro,"Door Hangers 13PT Enviro Uncoated",print-products,0,"2024-09-10 17:22:58","2024-09-10 17:22:58"
"Clings Transparent",clings-transparent,"Clings Transparent",print-products,0,"2024-09-10 17:22:59","2024-09-10 17:22:59"
"Clings Opaque",clings-opaque,"Clings Opaque",print-products,0,"2024-09-10 17:22:59","2024-09-10 17:22:59"
"Envelopes 60LB Uncoated",envelopes-60lb,"Envelopes 60LB Uncoated",print-products,0,"2024-09-10 17:22:59","2024-09-10 17:22:59"
"4mm Coroplast (Yard Signs)",4mm-coroplast,"4mm Coroplast Yard Signs",print-products,0,"2024-09-10 17:22:59","2024-09-10 17:22:59"
"6mm Coroplast",6mm-coroplast,"6mm Coroplast Yard Signs",print-products,0,"2024-09-10 17:22:59","2024-09-10 17:22:59"
"8mm Coroplast",8mm-coroplast,"8mm Coroplast Yard Signs",print-products,0,"2024-09-10 17:22:59","2024-09-10 17:22:59"
"4mm Foam Board",4mm-foam,"4mm Foam Board",print-products,0,"2024-09-10 17:23:00","2024-09-10 17:23:00"
"Banners 13oz Matte Vinyl",banner-matte-13oz,"Banners 13oz Matte Vinyl",print-products,0,"2024-09-10 17:23:00","2024-09-10 17:23:00"
"Pull Up Banners 13oz Matte Vinyl Silverbase",pullupbanner-13oz,"Pull Up Banners 13oz Matte Vinyl Silverbase",print-products,0,"2024-09-10 17:23:00","2024-09-10 17:23:00"
"Car Magnets (30mil)",carmagnets-30mil,"Car Magnets (30mil)",print-products,0,"2024-09-10 17:23:00","2024-09-10 17:23:00"
"Large Format Posters 8pt C2S",largeformatposters-8pt,"Large Format Posters 8pt C2S",print-products,0,"2024-09-10 17:23:00","2024-09-10 17:23:00"
"Display Board 24PT",displayboard-24pt,"Display Board 24PT",print-products,0,"2024-09-10 17:23:00","2024-09-10 17:23:00"
"Display Board 40PT",displayboard-40pt,"Display Board 40PT",print-products,0,"2024-09-10 17:23:01","2024-09-10 17:23:01"
"3mm Sintra",sintra-3mm,"3mm Sintra",print-products,0,"2024-09-10 17:23:01","2024-09-10 17:23:01"
"Numbered Tickets 14pt",numberedtickets-14pt,"Numbered Tickets 14pt",print-products,0,"2024-09-10 17:23:01","2024-09-10 17:23:01"
"Supply Boxes",supplyboxes-office,"Supply Boxes",print-products,0,"2024-09-10 17:23:01","2024-09-10 17:23:01"
"H Stand (for signs)",hstand-office,"H Stand (for signs)",print-products,0,"2024-09-10 17:23:01","2024-09-10 17:23:01"
"A Frame Stands",aframestands-office,"A Frame Stands",print-products,0,"2024-09-10 17:23:01","2024-09-10 17:23:01"
"Profit Pak (Samples)",samplekits-office,"Profit Pak (Samples)",print-products,0,"2024-09-10 17:23:02","2024-09-10 17:23:02"
"UV Folded Business Cards 14pt",foldedbusinesscards-14pt-uv,"Folded Business Cards 14pt UV",print-products,0,"2024-09-10 17:23:02","2024-09-10 17:23:02"
"Folded Business Cards 14pt Matte Finish",foldedbusinesscards-14pt-matte,"Folded Business Cards 14pt Matte Finish",print-products,0,"2024-09-10 17:23:02","2024-09-10 17:23:02"
"Folded Business Cards 13pt Enviro Uncoated",foldedbusinesscards-13pt-enviro,"Folded Business Cards 13pt Enviro Uncoated",print-products,0,"2024-09-10 17:23:02","2024-09-10 17:23:02"
"Variable Printing 14pt",variableprinting-14pt,"Variable Printing 14pt",print-products,0,"2024-09-10 17:23:02","2024-09-10 17:23:02"
"Tear Cards 14pt + UV",tearcards-14pt-uv,"Tear Cards 14pt UV",print-products,0,"2024-09-10 17:23:02","2024-09-10 17:23:02"
"Tear Cards 14pt + Matte Finish",tearcards-14pt-matte,"Tear Cards 14pt Matte Finish",print-products,0,"2024-09-10 17:23:02","2024-09-10 17:23:02"
"Tear Cards 13pt + Enviro Uncoated",tearcards-13pt-enviro,"Tear Cards 13pt Enviro Uncoated",print-products,0,"2024-09-10 17:23:02","2024-09-10 17:23:02"
"Digital Sheets 14pt + Matte Finish",digitalsheets-14pt-matte,"Digital Sheets 14pt Matte Finish",print-products,0,"2024-09-10 17:23:02","2024-09-10 17:23:02"
"Digital Sheets 13pt Enviro Uncoated",digitalsheets-13pt-enviro,"Digital Sheets 13pt Enviro Uncoated",print-products,0,"2024-09-10 17:23:03","2024-09-10 17:23:03"
"Digital Sheets 100lb Gloss Text",digitalsheets-100lb-gloss,"Digital Sheets 100lb Gloss Text",print-products,0,"2024-09-10 17:23:03","2024-09-10 17:23:03"
"Digital Sheets 100lb + Matte Finish",digitalsheets-100lb-matte,"Digital Sheets 100lb Matte Finish",print-products,0,"2024-09-10 17:23:03","2024-09-10 17:23:03"
"Digital Sheets 80lb Enviro Uncoated",digitalsheets-80lb-enviro,"Digital Sheets 80lb Enviro Uncoated",print-products,0,"2024-09-10 17:23:03","2024-09-10 17:23:03"
"Greeting Cards 14pt + AQ",greeting-cards-14pt-aq-1,"Greeting Cards 14pt with AQ",print-products,0,"2024-09-12 23:21:49","2024-09-12 23:21:49"
"Premium Pull Up Banners 13oz Matte Vinyl",premium-pull-up-banner-1,"Premium Pull Up Banners with 13oz Matte Vinyl",large-format,0,"2024-09-12 23:21:49","2024-09-12 23:21:49"
"20pt Styrene",styrene-20pt-1,"20pt Styrene for signage",large-format,0,"2024-09-12 23:21:50","2024-09-12 23:21:50"
"Canvas Roll",canvas-roll-1,"Canvas Roll for printing",large-format,0,"2024-09-12 23:21:50","2024-09-12 23:21:50"
"Removable Wall Decals 7 Mil",removable-wall-decals-7-mil-1,"Removable Wall Decals with 7 Mil thickness",stationary,0,"2024-09-12 23:21:50","2024-09-12 23:21:50"
"Cut to Shape Removable Decals",cut-to-shape-removable-decals-1,"Cut to Shape Removable Decals for various applications",stationary,0,"2024-09-12 23:21:50","2024-09-12 23:21:50"
"Social Distancing Floor Stickers",social-distancing-floor-stickers-1,"Social Distancing Floor Stickers",stationary,0,"2024-09-12 23:21:50","2024-09-12 23:21:50"
"Greeting Cards 14pt Writable + AQ (C1S)",greeting-cards-14c1s-aq-1,"Greeting Cards 14pt Writable with AQ (C1S)",print-products,0,"2024-09-12 23:21:50","2024-09-12 23:21:50"
"Greeting Cards 14pt Writable + UV (C1S)",greeting-cards-14ptc1s-uv-1,"Greeting Cards 14pt Writable with UV (C1S)",print-products,0,"2024-09-12 23:21:50","2024-09-12 23:21:50"
"Greeting Cards 13pt Enviro Uncoated",greeting-cards-13pt-enviro-1,"Greeting Cards 13pt Enviro Uncoated",print-products,0,"2024-09-12 23:21:50","2024-09-12 23:21:50"
"Booklets 80lb Gloss Text (8.5 x 5.5)",booklets-80lb-85x55-1,"Booklets 80lb Gloss Text (8.5 x 5.5)",print-products,0,"2024-09-12 23:21:51","2024-09-12 23:21:51"
"Booklets 80lb Gloss Text (8.5 x 11)",booklets-80lb-85x11-1,"Booklets 80lb Gloss Text (8.5 x 11)",print-products,0,"2024-09-12 23:21:51","2024-09-12 23:21:51"
"Booklets 100lb Gloss Text (8.5 x 5.5)",booklets-100lb-85x55-1,"Booklets 100lb Gloss Text (8.5 x 5.5)",print-products,0,"2024-09-12 23:21:51","2024-09-12 23:21:51"
"Booklets 100lb Gloss Text (8.5 x 11)",booklets-100lb-85x11-1,"Booklets 100lb Gloss Text (8.5 x 11)",print-products,0,"2024-09-12 23:21:51","2024-09-12 23:21:51"
"Presentation Folders 14PT + AQ",presentation-folders-14pt-aq-1,"Presentation Folders 14PT with AQ",print-products,0,"2024-09-12 23:21:51","2024-09-12 23:21:51"
"Presentation Folders 14PT + Matte Finish",presentation-folders-14pt-matteaq-1,"Presentation Folders 14PT with Matte Finish",print-products,0,"2024-09-12 23:21:51","2024-09-12 23:21:51"
"Magnets 14PT",magnets-14pt-1,"Magnets 14PT for advertising",print-products,0,"2024-09-12 23:21:51","2024-09-12 23:21:51"
"Wall Calendars 80LB Gloss Text",wall-calendars-80lb-1,"Wall Calendars 80LB Gloss Text for marketing",print-products,0,"2024-09-12 23:21:51","2024-09-12 23:21:51"
"Door Hangers 14PT + AQ",door-hangers-14pt-aq-1,"Door Hangers 14PT with AQ",print-products,0,"2024-09-12 23:21:51","2024-09-12 23:21:51"
"Door Hangers 14PT + UV (High Gloss)",door-hangers-14pt-uv-1,"Door Hangers 14PT with UV (High Gloss)",print-products,0,"2024-09-12 23:21:52","2024-09-12 23:21:52"
"Plastic 14PT",plastic-14pt-1,"Plastic 14PT for durable cards",print-products,0,"2024-09-12 23:21:52","2024-09-12 23:21:52"
"Letterheads 60LB Uncoated",letterheads-60lb-1,"Letterheads 60LB for professional correspondence",print-products,0,"2024-09-12 23:21:52","2024-09-12 23:21:52"
"Invitations 14pt + AQ",invitation-14pt-aq-1,"Invitations 14pt with AQ",print-products,0,"2024-09-12 23:21:52","2024-09-12 23:21:52"
"Invitations 14pt + UV",invitation-14pt-uv-1,"Invitations 14pt with UV",print-products,0,"2024-09-12 23:21:52","2024-09-12 23:21:52"
"Invitations 14pt Writable + AQ (C1S)",invitations-14pt-writable-aq-c1s-1,"Invitations 14pt Writable with AQ (C1S)",print-products,0,"2024-09-12 23:21:52","2024-09-12 23:21:52"
"Posters 100LB + UV (High Gloss)",posters-100lb-uv-1,"Posters 100LB with UV (High Gloss)",print-products,0,"2024-09-12 23:21:52","2024-09-12 23:21:52"
"X-Frame Banners 13oz Matte Vinyl",xframe-13oz-matte-1,"X-Frame Banners 13oz Matte Vinyl",large-format,0,"2024-09-12 23:21:52","2024-09-12 23:21:52"
"A-Frame Signs 4mm Coroplast",aframe-4mm-1,"A-Frame Signs with 4mm Coroplast",large-format,0,"2024-09-12 23:21:53","2024-09-12 23:21:53"
"Brochures 100LB Gloss Text",brochures-100lb-gloss-1,"Brochures 100LB Gloss Text",print-products,0,"2024-09-12 23:21:55","2024-09-12 23:21:55"
"Brochures 100LB + UV (High Gloss)",brochures-100lb-uv-1,"Brochures 100LB with UV (High Gloss)",print-products,0,"2024-09-12 23:21:55","2024-09-12 23:21:55"
"Brochures 100LB + Matte Finish",brochures-100lb-matte-finish-1,"Brochures 100LB with Matte Finish",print-products,0,"2024-09-12 23:21:55","2024-09-12 23:21:55"
"Brochures 80LB Enviro Uncoated",brochures-80lb-enviro-1,"Brochures 80LB Enviro Uncoated",print-products,0,"2024-09-12 23:21:55","2024-09-12 23:21:55"
"Booklets 80lb Gloss Text (8.5 x 5.5)",booklets-80lb-85x55-2,"Booklets 80lb Gloss Text (8.5 x 5.5)",print-products,0,"2024-09-12 23:21:55","2024-09-12 23:21:55"
"Booklets 80lb Gloss Text (8.5 x 11)",booklets-80lb-85x11-2,"Booklets 80lb Gloss Text (8.5 x 11)",print-products,0,"2024-09-12 23:21:55","2024-09-12 23:21:55"
"Booklets 100lb Gloss Text (8.5 x 5.5)",booklets-100lb-85x55-2,"Booklets 100lb Gloss Text (8.5 x 5.5)",print-products,0,"2024-09-12 23:21:56","2024-09-12 23:21:56"
"Booklets 100lb Gloss Text (8.5 x 11)",booklets-100lb-85x11-2,"Booklets 100lb Gloss Text (8.5 x 11)",print-products,0,"2024-09-12 23:21:56","2024-09-12 23:21:56"
"Presentation Folders 14PT + AQ",presentation-folders-14pt-aq-2,"Presentation Folders 14PT with AQ",print-products,0,"2024-09-12 23:21:56","2024-09-12 23:21:56"
"Presentation Folders 14PT + Matte Finish",presentation-folders-14pt-matte-finish,"Presentation Folders 14PT with Matte Finish",print-products,0,"2024-09-12 23:21:56","2024-09-12 23:21:56"
"Presentation Folders 14PT + UV (High Gloss)",presentation-folders-14pt-uv-1,"Presentation Folders 14PT with UV (High Gloss)",print-products,0,"2024-09-12 23:21:56","2024-09-12 23:21:56"
"Magnets 14PT",magnets-14pt-2,"Magnets 14PT",print-products,0,"2024-09-12 23:21:56","2024-09-12 23:21:56"
"Wall Calendars 80LB Gloss Text",wall-calendars-80lb-2,"Wall Calendars 80LB Gloss Text",print-products,0,"2024-09-12 23:21:56","2024-09-12 23:21:56"
"Wall Calendars 100LB Gloss Text",wall-calendars-100lb-1,"Wall Calendars 100LB Gloss Text",print-products,0,"2024-09-12 23:21:56","2024-09-12 23:21:56"
"Posters 100LB Gloss Text",posters-100lb-1,"Posters 100LB Gloss Text",print-products,0,"2024-09-12 23:21:56","2024-09-12 23:21:56"
"Posters 100LB + Matte Finish",posters-100lb-matte-finish-1,"Posters 100LB with Matte Finish",print-products,0,"2024-09-12 23:21:57","2024-09-12 23:21:57"
"Posters 100LB + UV (High Gloss)",posters-100lb-uv-2,"Posters 100LB with UV (High Gloss)",print-products,0,"2024-09-12 23:21:57","2024-09-12 23:21:57"
"Posters 80LB Enviro Uncoated",posters-80lb-enviro-1,"Posters 80LB Enviro Uncoated",print-products,0,"2024-09-12 23:21:57","2024-09-12 23:21:57"
"Door Hangers 14PT + AQ",door-hangers-14pt-aq-2,"Door Hangers 14PT with AQ",print-products,0,"2024-09-12 23:21:57","2024-09-12 23:21:57"
"Door Hangers 14PT + UV (High Gloss)",door-hangers-14pt-uv-2,"Door Hangers 14PT with UV (High Gloss)",print-products,0,"2024-09-12 23:21:57","2024-09-12 23:21:57"
"Door Hangers 14PT + Matte Finish",door-hangers-14pt-matte-finish-1,"Door Hangers 14PT with Matte Finish",print-products,0,"2024-09-12 23:21:57","2024-09-12 23:21:57"
"Door Hangers 13PT Enviro Uncoated",door-hangers-13pt-enviro-1,"Door Hangers 13PT Enviro Uncoated",print-products,0,"2024-09-12 23:21:57","2024-09-12 23:21:57"
"Plastic 14PT",plastic-14pt-2,"Plastic 14PT",print-products,0,"2024-09-12 23:21:57","2024-09-12 23:21:57"
"Clings Transparent",clings-transparent-1,"Clings Transparent",print-products,0,"2024-09-12 23:21:57","2024-09-12 23:21:57"
"Clings Opaque",clings-opaque-1,"Clings Opaque",print-products,0,"2024-09-12 23:21:58","2024-09-12 23:21:58"
"Letterheads 60LB Uncoated",letterheads-60lb-2,"Letterheads 60LB Uncoated",print-products,0,"2024-09-12 23:21:58","2024-09-12 23:21:58"
"Envelopes 60LB Uncoated",envelopes-60lb-1,"Envelopes 60LB Uncoated",print-products,0,"2024-09-12 23:21:58","2024-09-12 23:21:58"
"4mm Coroplast (Yard Signs)",4mm-coroplast-1,"4mm Coroplast Yard Signs",print-products,0,"2024-09-12 23:21:58","2024-09-12 23:21:58"
"6mm Coroplast",6mm-coroplast-1,"6mm Coroplast Yard Signs",print-products,0,"2024-09-12 23:21:58","2024-09-12 23:21:58"
"8mm Coroplast",8mm-coroplast-1,"8mm Coroplast Yard Signs",print-products,0,"2024-09-12 23:21:58","2024-09-12 23:21:58"
"4mm Foam Board",4mm-foam-1,"4mm Foam Board",print-products,0,"2024-09-12 23:21:58","2024-09-12 23:21:58"
"Banners 13oz Matte Vinyl",banner-matte-13oz-1,"Banners 13oz Matte Vinyl",print-products,0,"2024-09-12 23:21:59","2024-09-12 23:21:59"
"Pull Up Banners 13oz Matte Vinyl Silverbase",pullupbanner-13oz-1,"Pull Up Banners 13oz Matte Vinyl Silverbase",print-products,0,"2024-09-12 23:21:59","2024-09-12 23:21:59"
"Car Magnets (30mil)",carmagnets-30mil-1,"Car Magnets (30mil)",print-products,0,"2024-09-12 23:21:59","2024-09-12 23:21:59"
"Large Format Posters 8pt C2S",largeformatposters-8pt-1,"Large Format Posters 8pt C2S",print-products,0,"2024-09-12 23:21:59","2024-09-12 23:21:59"
"20pt Styrene",styrene-20pt-2,"20pt Styrene",print-products,0,"2024-09-12 23:21:59","2024-09-12 23:21:59"
"Display Board 24PT",displayboard-24pt-1,"Display Board 24PT",print-products,0,"2024-09-12 23:21:59","2024-09-12 23:21:59"
"Display Board 40PT",displayboard-40pt-1,"Display Board 40PT",print-products,0,"2024-09-12 23:21:59","2024-09-12 23:21:59"
"Canvas Roll",canvasroll,"Canvas Roll",print-products,0,"2024-09-12 23:21:59","2024-09-12 23:21:59"
"3mm Sintra",sintra-3mm-1,"3mm Sintra",print-products,0,"2024-09-12 23:22:00","2024-09-12 23:22:00"
"X-Frame Banners 13oz Matte Vinyl",xframe-13oz-matte-2,"X-Frame Banners 13oz Matte Vinyl",print-products,0,"2024-09-12 23:22:00","2024-09-12 23:22:00"
"A-Frame Signs 4mm Coroplast",aframe-4mm-2,"A-Frame Signs 4mm Coroplast",print-products,0,"2024-09-12 23:22:00","2024-09-12 23:22:00"
"Numbered Tickets 14pt",numberedtickets-14pt-1,"Numbered Tickets 14pt",print-products,0,"2024-09-12 23:22:00","2024-09-12 23:22:00"
"Supply Boxes",supplyboxes-office-1,"Supply Boxes",print-products,0,"2024-09-12 23:22:00","2024-09-12 23:22:00"
"H Stand (for signs)",hstand-office-1,"H Stand (for signs)",print-products,0,"2024-09-12 23:22:00","2024-09-12 23:22:00"
"A Frame Stands",aframestands-office-1,"A Frame Stands",print-products,0,"2024-09-12 23:22:00","2024-09-12 23:22:00"
"Profit Pak (Samples)",samplekits-office-1,"Profit Pak (Samples)",print-products,0,"2024-09-12 23:22:00","2024-09-12 23:22:00"
"UV Folded Business Cards 14pt",foldedbusinesscards-14pt-uv-1,"Folded Business Cards 14pt UV",print-products,0,"2024-09-12 23:22:00","2024-09-12 23:22:00"
"Folded Business Cards 14pt Matte Finish",foldedbusinesscards-14pt-matte-1,"Folded Business Cards 14pt Matte Finish",print-products,0,"2024-09-12 23:22:00","2024-09-12 23:22:00"
"Folded Business Cards 13pt Enviro Uncoated",foldedbusinesscards-13pt-enviro-1,"Folded Business Cards 13pt Enviro Uncoated",print-products,0,"2024-09-12 23:22:01","2024-09-12 23:22:01"
"Variable Printing 14pt",variableprinting-14pt-1,"Variable Printing 14pt",print-products,0,"2024-09-12 23:22:01","2024-09-12 23:22:01"
"Tear Cards 14pt + UV",tearcards-14pt-uv-1,"Tear Cards 14pt UV",print-products,0,"2024-09-12 23:22:01","2024-09-12 23:22:01"
"Tear Cards 14pt + Matte Finish",tearcards-14pt-matte-1,"Tear Cards 14pt Matte Finish",print-products,0,"2024-09-12 23:22:01","2024-09-12 23:22:01"
"Tear Cards 13pt + Enviro Uncoated",tearcards-13pt-enviro-1,"Tear Cards 13pt Enviro Uncoated",print-products,0,"2024-09-12 23:22:01","2024-09-12 23:22:01"
"Digital Sheets 14pt + Matte Finish",digitalsheets-14pt-matte-1,"Digital Sheets 14pt Matte Finish",print-products,0,"2024-09-12 23:22:01","2024-09-12 23:22:01"
"Digital Sheets 13pt Enviro Uncoated",digitalsheets-13pt-enviro-1,"Digital Sheets 13pt Enviro Uncoated",print-products,0,"2024-09-12 23:22:01","2024-09-12 23:22:01"
"Digital Sheets 100lb Gloss Text",digitalsheets-100lb-gloss-1,"Digital Sheets 100lb Gloss Text",print-products,0,"2024-09-12 23:22:01","2024-09-12 23:22:01"
"Digital Sheets 100lb + Matte Finish",digitalsheets-100lb-matte-1,"Digital Sheets 100lb Matte Finish",print-products,0,"2024-09-12 23:22:01","2024-09-12 23:22:01"
"Digital Sheets 80lb Enviro Uncoated",digitalsheets-80lb-enviro-1,"Digital Sheets 80lb Enviro Uncoated",print-products,0,"2024-09-12 23:22:01","2024-09-12 23:22:01"
"Greeting Cards 14pt + AQ",greeting-cards-14pt-aq-2,"Greeting Cards 14pt with AQ",print-products,0,"2024-09-12 23:22:05","2024-09-12 23:22:05"
"Premium Pull Up Banners 13oz Matte Vinyl",premium-pull-up-banner-2,"Premium Pull Up Banners with 13oz Matte Vinyl",large-format,0,"2024-09-12 23:22:06","2024-09-12 23:22:06"
"20pt Styrene",styrene-20pt-3,"20pt Styrene for signage",large-format,0,"2024-09-12 23:22:06","2024-09-12 23:22:06"
"Canvas Roll",canvas-roll-2,"Canvas Roll for printing",large-format,0,"2024-09-12 23:22:06","2024-09-12 23:22:06"
"Removable Wall Decals 7 Mil",removable-wall-decals-7-mil-2,"Removable Wall Decals with 7 Mil thickness",stationary,0,"2024-09-12 23:22:06","2024-09-12 23:22:06"
"Cut to Shape Removable Decals",cut-to-shape-removable-decals-2,"Cut to Shape Removable Decals for various applications",stationary,0,"2024-09-12 23:22:06","2024-09-12 23:22:06"
"Social Distancing Floor Stickers",social-distancing-floor-stickers-2,"Social Distancing Floor Stickers",stationary,0,"2024-09-12 23:22:06","2024-09-12 23:22:06"
"Greeting Cards 14pt Writable + AQ (C1S)",greeting-cards-14c1s-aq-2,"Greeting Cards 14pt Writable with AQ (C1S)",print-products,0,"2024-09-12 23:22:06","2024-09-12 23:22:06"
"Greeting Cards 14pt Writable + UV (C1S)",greeting-cards-14ptc1s-uv-2,"Greeting Cards 14pt Writable with UV (C1S)",print-products,0,"2024-09-12 23:22:06","2024-09-12 23:22:06"
"Greeting Cards 13pt Enviro Uncoated",greeting-cards-13pt-enviro-2,"Greeting Cards 13pt Enviro Uncoated",print-products,0,"2024-09-12 23:22:06","2024-09-12 23:22:06"
"Booklets 80lb Gloss Text (8.5 x 5.5)",booklets-80lb-85x55-3,"Booklets 80lb Gloss Text (8.5 x 5.5)",print-products,0,"2024-09-12 23:22:07","2024-09-12 23:22:07"
"Booklets 80lb Gloss Text (8.5 x 11)",booklets-80lb-85x11-3,"Booklets 80lb Gloss Text (8.5 x 11)",print-products,0,"2024-09-12 23:22:07","2024-09-12 23:22:07"
"Booklets 100lb Gloss Text (8.5 x 5.5)",booklets-100lb-85x55-3,"Booklets 100lb Gloss Text (8.5 x 5.5)",print-products,0,"2024-09-12 23:22:07","2024-09-12 23:22:07"
"Booklets 100lb Gloss Text (8.5 x 11)",booklets-100lb-85x11-3,"Booklets 100lb Gloss Text (8.5 x 11)",print-products,0,"2024-09-12 23:22:07","2024-09-12 23:22:07"
"Presentation Folders 14PT + AQ",presentation-folders-14pt-aq-3,"Presentation Folders 14PT with AQ",print-products,0,"2024-09-12 23:22:07","2024-09-12 23:22:07"
"Presentation Folders 14PT + Matte Finish",presentation-folders-14pt-matteaq-2,"Presentation Folders 14PT with Matte Finish",print-products,0,"2024-09-12 23:22:07","2024-09-12 23:22:07"
"Magnets 14PT",magnets-14pt-3,"Magnets 14PT for advertising",print-products,0,"2024-09-12 23:22:07","2024-09-12 23:22:07"
"Wall Calendars 80LB Gloss Text",wall-calendars-80lb-3,"Wall Calendars 80LB Gloss Text for marketing",print-products,0,"2024-09-12 23:22:07","2024-09-12 23:22:07"
"Door Hangers 14PT + AQ",door-hangers-14pt-aq-3,"Door Hangers 14PT with AQ",print-products,0,"2024-09-12 23:22:08","2024-09-12 23:22:08"
"Door Hangers 14PT + UV (High Gloss)",door-hangers-14pt-uv-3,"Door Hangers 14PT with UV (High Gloss)",print-products,0,"2024-09-12 23:22:08","2024-09-12 23:22:08"
"Plastic 14PT",plastic-14pt-3,"Plastic 14PT for durable cards",print-products,0,"2024-09-12 23:22:08","2024-09-12 23:22:08"
"Letterheads 60LB Uncoated",letterheads-60lb-3,"Letterheads 60LB for professional correspondence",print-products,0,"2024-09-12 23:22:08","2024-09-12 23:22:08"
"Invitations 14pt + AQ",invitation-14pt-aq-2,"Invitations 14pt with AQ",print-products,0,"2024-09-12 23:22:08","2024-09-12 23:22:08"
"Invitations 14pt + UV",invitation-14pt-uv-2,"Invitations 14pt with UV",print-products,0,"2024-09-12 23:22:08","2024-09-12 23:22:08"
"Invitations 14pt Writable + AQ (C1S)",invitations-14pt-writable-aq-c1s-2,"Invitations 14pt Writable with AQ (C1S)",print-products,0,"2024-09-12 23:22:09","2024-09-12 23:22:09"
"Posters 100LB + UV (High Gloss)",posters-100lb-uv-3,"Posters 100LB with UV (High Gloss)",print-products,0,"2024-09-12 23:22:09","2024-09-12 23:22:09"
"X-Frame Banners 13oz Matte Vinyl",xframe-13oz-matte-3,"X-Frame Banners 13oz Matte Vinyl",large-format,0,"2024-09-12 23:22:09","2024-09-12 23:22:09"
"A-Frame Signs 4mm Coroplast",aframe-4mm-3,"A-Frame Signs with 4mm Coroplast",large-format,0,"2024-09-12 23:22:09","2024-09-12 23:22:09"
"Brochures 100LB Gloss Text",brochures-100lb-gloss-2,"Brochures 100LB Gloss Text",print-products,0,"2024-09-12 23:22:12","2024-09-12 23:22:12"
"Brochures 100LB + UV (High Gloss)",brochures-100lb-uv-2,"Brochures 100LB with UV (High Gloss)",print-products,0,"2024-09-12 23:22:12","2024-09-12 23:22:12"
"Brochures 100LB + Matte Finish",brochures-100lb-matte-finish-2,"Brochures 100LB with Matte Finish",print-products,0,"2024-09-12 23:22:12","2024-09-12 23:22:12"
"Brochures 80LB Enviro Uncoated",brochures-80lb-enviro-2,"Brochures 80LB Enviro Uncoated",print-products,0,"2024-09-12 23:22:12","2024-09-12 23:22:12"
"Booklets 80lb Gloss Text (8.5 x 5.5)",booklets-80lb-85x55-4,"Booklets 80lb Gloss Text (8.5 x 5.5)",print-products,0,"2024-09-12 23:22:12","2024-09-12 23:22:12"
"Booklets 80lb Gloss Text (8.5 x 11)",booklets-80lb-85x11-4,"Booklets 80lb Gloss Text (8.5 x 11)",print-products,0,"2024-09-12 23:22:13","2024-09-12 23:22:13"
"Booklets 100lb Gloss Text (8.5 x 5.5)",booklets-100lb-85x55-4,"Booklets 100lb Gloss Text (8.5 x 5.5)",print-products,0,"2024-09-12 23:22:13","2024-09-12 23:22:13"
"Booklets 100lb Gloss Text (8.5 x 11)",booklets-100lb-85x11-4,"Booklets 100lb Gloss Text (8.5 x 11)",print-products,0,"2024-09-12 23:22:13","2024-09-12 23:22:13"
"Presentation Folders 14PT + AQ",presentation-folders-14pt-aq-4,"Presentation Folders 14PT with AQ",print-products,0,"2024-09-12 23:22:13","2024-09-12 23:22:13"
"Presentation Folders 14PT + Matte Finish",presentation-folders-14pt-matte-finish-1,"Presentation Folders 14PT with Matte Finish",print-products,0,"2024-09-12 23:22:13","2024-09-12 23:22:13"
"Presentation Folders 14PT + UV (High Gloss)",presentation-folders-14pt-uv-2,"Presentation Folders 14PT with UV (High Gloss)",print-products,0,"2024-09-12 23:22:13","2024-09-12 23:22:13"
"Magnets 14PT",magnets-14pt-4,"Magnets 14PT",print-products,0,"2024-09-12 23:22:13","2024-09-12 23:22:13"
"Wall Calendars 80LB Gloss Text",wall-calendars-80lb-4,"Wall Calendars 80LB Gloss Text",print-products,0,"2024-09-12 23:22:13","2024-09-12 23:22:13"
"Wall Calendars 100LB Gloss Text",wall-calendars-100lb-2,"Wall Calendars 100LB Gloss Text",print-products,0,"2024-09-12 23:22:14","2024-09-12 23:22:14"
"Posters 100LB Gloss Text",posters-100lb-2,"Posters 100LB Gloss Text",print-products,0,"2024-09-12 23:22:14","2024-09-12 23:22:14"
"Posters 100LB + Matte Finish",posters-100lb-matte-finish-2,"Posters 100LB with Matte Finish",print-products,0,"2024-09-12 23:22:14","2024-09-12 23:22:14"
"Posters 100LB + UV (High Gloss)",posters-100lb-uv-4,"Posters 100LB with UV (High Gloss)",print-products,0,"2024-09-12 23:22:14","2024-09-12 23:22:14"
"Posters 80LB Enviro Uncoated",posters-80lb-enviro-2,"Posters 80LB Enviro Uncoated",print-products,0,"2024-09-12 23:22:14","2024-09-12 23:22:14"
"Door Hangers 14PT + AQ",door-hangers-14pt-aq-4,"Door Hangers 14PT with AQ",print-products,0,"2024-09-12 23:22:14","2024-09-12 23:22:14"
"Door Hangers 14PT + UV (High Gloss)",door-hangers-14pt-uv-4,"Door Hangers 14PT with UV (High Gloss)",print-products,0,"2024-09-12 23:22:14","2024-09-12 23:22:14"
"Door Hangers 14PT + Matte Finish",door-hangers-14pt-matte-finish-2,"Door Hangers 14PT with Matte Finish",print-products,0,"2024-09-12 23:22:14","2024-09-12 23:22:14"
"Door Hangers 13PT Enviro Uncoated",door-hangers-13pt-enviro-2,"Door Hangers 13PT Enviro Uncoated",print-products,0,"2024-09-12 23:22:15","2024-09-12 23:22:15"
"Plastic 14PT",plastic-14pt-4,"Plastic 14PT",print-products,0,"2024-09-12 23:22:15","2024-09-12 23:22:15"
"Clings Transparent",clings-transparent-2,"Clings Transparent",print-products,0,"2024-09-12 23:22:15","2024-09-12 23:22:15"
"Clings Opaque",clings-opaque-2,"Clings Opaque",print-products,0,"2024-09-12 23:22:15","2024-09-12 23:22:15"
"Letterheads 60LB Uncoated",letterheads-60lb-4,"Letterheads 60LB Uncoated",print-products,0,"2024-09-12 23:22:15","2024-09-12 23:22:15"
"Envelopes 60LB Uncoated",envelopes-60lb-2,"Envelopes 60LB Uncoated",print-products,0,"2024-09-12 23:22:15","2024-09-12 23:22:15"
"4mm Coroplast (Yard Signs)",4mm-coroplast-2,"4mm Coroplast Yard Signs",print-products,0,"2024-09-12 23:22:16","2024-09-12 23:22:16"
"6mm Coroplast",6mm-coroplast-2,"6mm Coroplast Yard Signs",print-products,0,"2024-09-12 23:22:16","2024-09-12 23:22:16"
"8mm Coroplast",8mm-coroplast-2,"8mm Coroplast Yard Signs",print-products,0,"2024-09-12 23:22:16","2024-09-12 23:22:16"
"4mm Foam Board",4mm-foam-2,"4mm Foam Board",print-products,0,"2024-09-12 23:22:16","2024-09-12 23:22:16"
"Banners 13oz Matte Vinyl",banner-matte-13oz-2,"Banners 13oz Matte Vinyl",print-products,0,"2024-09-12 23:22:16","2024-09-12 23:22:16"
"Pull Up Banners 13oz Matte Vinyl Silverbase",pullupbanner-13oz-2,"Pull Up Banners 13oz Matte Vinyl Silverbase",print-products,0,"2024-09-12 23:22:16","2024-09-12 23:22:16"
"Car Magnets (30mil)",carmagnets-30mil-2,"Car Magnets (30mil)",print-products,0,"2024-09-12 23:22:17","2024-09-12 23:22:17"
"Large Format Posters 8pt C2S",largeformatposters-8pt-2,"Large Format Posters 8pt C2S",print-products,0,"2024-09-12 23:22:17","2024-09-12 23:22:17"
"20pt Styrene",styrene-20pt-4,"20pt Styrene",print-products,0,"2024-09-12 23:22:17","2024-09-12 23:22:17"
"Display Board 24PT",displayboard-24pt-2,"Display Board 24PT",print-products,0,"2024-09-12 23:22:17","2024-09-12 23:22:17"
"Display Board 40PT",displayboard-40pt-2,"Display Board 40PT",print-products,0,"2024-09-12 23:22:17","2024-09-12 23:22:17"
"Canvas Roll",canvasroll-1,"Canvas Roll",print-products,0,"2024-09-12 23:22:17","2024-09-12 23:22:17"
"3mm Sintra",sintra-3mm-2,"3mm Sintra",print-products,0,"2024-09-12 23:22:17","2024-09-12 23:22:17"
"X-Frame Banners 13oz Matte Vinyl",xframe-13oz-matte-4,"X-Frame Banners 13oz Matte Vinyl",print-products,0,"2024-09-12 23:22:17","2024-09-12 23:22:17"
"A-Frame Signs 4mm Coroplast",aframe-4mm-4,"A-Frame Signs 4mm Coroplast",print-products,0,"2024-09-12 23:22:17","2024-09-12 23:22:17"
"Numbered Tickets 14pt",numberedtickets-14pt-2,"Numbered Tickets 14pt",print-products,0,"2024-09-12 23:22:18","2024-09-12 23:22:18"
"Supply Boxes",supplyboxes-office-2,"Supply Boxes",print-products,0,"2024-09-12 23:22:18","2024-09-12 23:22:18"
"H Stand (for signs)",hstand-office-2,"H Stand (for signs)",print-products,0,"2024-09-12 23:22:18","2024-09-12 23:22:18"
"A Frame Stands",aframestands-office-2,"A Frame Stands",print-products,0,"2024-09-12 23:22:18","2024-09-12 23:22:18"
"Profit Pak (Samples)",samplekits-office-2,"Profit Pak (Samples)",print-products,0,"2024-09-12 23:22:18","2024-09-12 23:22:18"
"UV Folded Business Cards 14pt",foldedbusinesscards-14pt-uv-2,"Folded Business Cards 14pt UV",print-products,0,"2024-09-12 23:22:18","2024-09-12 23:22:18"
"Folded Business Cards 14pt Matte Finish",foldedbusinesscards-14pt-matte-2,"Folded Business Cards 14pt Matte Finish",print-products,0,"2024-09-12 23:22:18","2024-09-12 23:22:18"
"Folded Business Cards 13pt Enviro Uncoated",foldedbusinesscards-13pt-enviro-2,"Folded Business Cards 13pt Enviro Uncoated",print-products,0,"2024-09-12 23:22:18","2024-09-12 23:22:18"
"Variable Printing 14pt",variableprinting-14pt-2,"Variable Printing 14pt",print-products,0,"2024-09-12 23:22:18","2024-09-12 23:22:18"
"Tear Cards 14pt + UV",tearcards-14pt-uv-2,"Tear Cards 14pt UV",print-products,0,"2024-09-12 23:22:19","2024-09-12 23:22:19"
"Tear Cards 14pt + Matte Finish",tearcards-14pt-matte-2,"Tear Cards 14pt Matte Finish",print-products,0,"2024-09-12 23:22:19","2024-09-12 23:22:19"
"Tear Cards 13pt + Enviro Uncoated",tearcards-13pt-enviro-2,"Tear Cards 13pt Enviro Uncoated",print-products,0,"2024-09-12 23:22:19","2024-09-12 23:22:19"
"Digital Sheets 14pt + Matte Finish",digitalsheets-14pt-matte-2,"Digital Sheets 14pt Matte Finish",print-products,0,"2024-09-12 23:22:19","2024-09-12 23:22:19"
"Digital Sheets 13pt Enviro Uncoated",digitalsheets-13pt-enviro-2,"Digital Sheets 13pt Enviro Uncoated",print-products,0,"2024-09-12 23:22:19","2024-09-12 23:22:19"
"Digital Sheets 100lb Gloss Text",digitalsheets-100lb-gloss-2,"Digital Sheets 100lb Gloss Text",print-products,0,"2024-09-12 23:22:19","2024-09-12 23:22:19"
"Digital Sheets 100lb + Matte Finish",digitalsheets-100lb-matte-2,"Digital Sheets 100lb Matte Finish",print-products,0,"2024-09-12 23:22:19","2024-09-12 23:22:19"
"Digital Sheets 80lb Enviro Uncoated",digitalsheets-80lb-enviro-2,"Digital Sheets 80lb Enviro Uncoated",print-products,0,"2024-09-12 23:22:19","2024-09-12 23:22:19"
"Business cards 14pt (Profit Maximizer)",business-cards-14pt-profit-maximizer-3,"Business cards 14pt (Profit Maximizer)",uncategorized,0,"2024-09-13 20:48:33","2024-09-13 20:48:33"
"Business Cards 14pt + AQ",business-cards-14pt-aq-3,"Business Cards 14pt with AQ",uncategorized,0,"2024-09-13 20:48:33","2024-09-13 20:48:33"
"Business Cards 14pt + UV (High Gloss)",business-cards-14pt-uv-high-gloss-5,"Business Cards 14pt with UV High Gloss",uncategorized,0,"2024-09-13 20:48:33","2024-09-13 20:48:33"
"Business cards 14pt + Matte Finish",business-cards-14pt-matte-satin-aq-6,"Business cards 14pt with Matte Finish",uncategorized,0,"2024-09-13 20:48:33","2024-09-13 20:48:33"
"Business cards 18pt Matte / Silk Lamination",business-cards-18pt-matte-silk-lamination-3,"Business cards 18pt with Matte / Silk Lamination",uncategorized,0,"2024-09-13 20:48:33","2024-09-13 20:48:33"
"Business cards 18pt Gloss Lamination",business-cards-18pt-gloss-lamination-3,"Business cards 18pt with Gloss Lamination",uncategorized,0,"2024-09-13 20:48:33","2024-09-13 20:48:33"
"Postcards 14PT + AQ",postcards-14pt-aq-3,"Postcards 14PT with AQ",print-products,0,"2024-09-13 20:48:34","2024-09-13 20:48:34"
"Postcards 14PT + UV",postcards-14pt-uv-3,"Postcards 14PT with UV",print-products,0,"2024-09-13 20:48:34","2024-09-13 20:48:34"
"Flyers 100lb Gloss Text",flyers-100lb-gloss-5,"Flyers 100lb Gloss Text",print-products,0,"2024-09-13 20:48:34","2024-09-13 20:48:34"
"Flyers 100LB + UV (High Gloss)",flyers-100lb-uv-5,"Flyers 100LB with UV (High Gloss)",print-products,0,"2024-09-13 20:48:34","2024-09-13 20:48:34"
"Postcards 18PT Matte / Silk Lamination",postcards-18pt-matte-silk-lamination-3,"Postcards 18PT with Matte / Silk Lamination",print-products,0,"2024-09-13 20:48:34","2024-09-13 20:48:34"
"Greeting Cards 14pt + AQ",greeting-cards-14pt-aq-3,"Greeting Cards 14pt with AQ",print-products,0,"2024-09-13 20:48:34","2024-09-13 20:48:34"
"Premium Pull Up Banners 13oz Matte Vinyl",premium-pull-up-banner-3,"Premium Pull Up Banners with 13oz Matte Vinyl",large-format,0,"2024-09-13 20:48:34","2024-09-13 20:48:34"
"20pt Styrene",styrene-20pt-5,"20pt Styrene for signage",large-format,0,"2024-09-13 20:48:34","2024-09-13 20:48:34"
"Canvas Roll",canvas-roll-3,"Canvas Roll for printing",large-format,0,"2024-09-13 20:48:35","2024-09-13 20:48:35"
"Removable Wall Decals 7 Mil",removable-wall-decals-7-mil-3,"Removable Wall Decals with 7 Mil thickness",stationary,0,"2024-09-13 20:48:35","2024-09-13 20:48:35"
"Cut to Shape Removable Decals",cut-to-shape-removable-decals-3,"Cut to Shape Removable Decals for various applications",stationary,0,"2024-09-13 20:48:35","2024-09-13 20:48:35"
"Social Distancing Floor Stickers",social-distancing-floor-stickers-3,"Social Distancing Floor Stickers",stationary,0,"2024-09-13 20:48:35","2024-09-13 20:48:35"
"Greeting Cards 14pt Writable + AQ (C1S)",greeting-cards-14c1s-aq-3,"Greeting Cards 14pt Writable with AQ (C1S)",print-products,0,"2024-09-13 20:48:35","2024-09-13 20:48:35"
"Greeting Cards 14pt Writable + UV (C1S)",greeting-cards-14ptc1s-uv-3,"Greeting Cards 14pt Writable with UV (C1S)",print-products,0,"2024-09-13 20:48:35","2024-09-13 20:48:35"
"Greeting Cards 13pt Enviro Uncoated",greeting-cards-13pt-enviro-3,"Greeting Cards 13pt Enviro Uncoated",print-products,0,"2024-09-13 20:48:35","2024-09-13 20:48:35"
"Booklets 80lb Gloss Text (8.5 x 5.5)",booklets-80lb-85x55-5,"Booklets 80lb Gloss Text (8.5 x 5.5)",print-products,0,"2024-09-13 20:48:35","2024-09-13 20:48:35"
"Booklets 80lb Gloss Text (8.5 x 11)",booklets-80lb-85x11-5,"Booklets 80lb Gloss Text (8.5 x 11)",print-products,0,"2024-09-13 20:48:36","2024-09-13 20:48:36"
"Booklets 100lb Gloss Text (8.5 x 5.5)",booklets-100lb-85x55-5,"Booklets 100lb Gloss Text (8.5 x 5.5)",print-products,0,"2024-09-13 20:48:36","2024-09-13 20:48:36"
"Booklets 100lb Gloss Text (8.5 x 11)",booklets-100lb-85x11-5,"Booklets 100lb Gloss Text (8.5 x 11)",print-products,0,"2024-09-13 20:48:36","2024-09-13 20:48:36"
"Presentation Folders 14PT + AQ",presentation-folders-14pt-aq-5,"Presentation Folders 14PT with AQ",print-products,0,"2024-09-13 20:48:36","2024-09-13 20:48:36"
"Presentation Folders 14PT + Matte Finish",presentation-folders-14pt-matteaq-3,"Presentation Folders 14PT with Matte Finish",print-products,0,"2024-09-13 20:48:36","2024-09-13 20:48:36"
"Magnets 14PT",magnets-14pt-5,"Magnets 14PT for advertising",print-products,0,"2024-09-13 20:48:36","2024-09-13 20:48:36"
"Wall Calendars 80LB Gloss Text",wall-calendars-80lb-5,"Wall Calendars 80LB Gloss Text for marketing",print-products,0,"2024-09-13 20:48:36","2024-09-13 20:48:36"
"Door Hangers 14PT + AQ",door-hangers-14pt-aq-5,"Door Hangers 14PT with AQ",print-products,0,"2024-09-13 20:48:36","2024-09-13 20:48:36"
"Door Hangers 14PT + UV (High Gloss)",door-hangers-14pt-uv-5,"Door Hangers 14PT with UV (High Gloss)",print-products,0,"2024-09-13 20:48:37","2024-09-13 20:48:37"
"Plastic 14PT",plastic-14pt-5,"Plastic 14PT for durable cards",print-products,0,"2024-09-13 20:48:37","2024-09-13 20:48:37"
"Letterheads 60LB Uncoated",letterheads-60lb-5,"Letterheads 60LB for professional correspondence",print-products,0,"2024-09-13 20:48:37","2024-09-13 20:48:37"
"Invitations 14pt + AQ",invitation-14pt-aq-3,"Invitations 14pt with AQ",print-products,0,"2024-09-13 20:48:37","2024-09-13 20:48:37"
"Invitations 14pt + UV",invitation-14pt-uv-3,"Invitations 14pt with UV",print-products,0,"2024-09-13 20:48:37","2024-09-13 20:48:37"
"Invitations 14pt Writable + AQ (C1S)",invitations-14pt-writable-aq-c1s-3,"Invitations 14pt Writable with AQ (C1S)",print-products,0,"2024-09-13 20:48:37","2024-09-13 20:48:37"
"Posters 100LB + UV (High Gloss)",posters-100lb-uv-5,"Posters 100LB with UV (High Gloss)",print-products,0,"2024-09-13 20:48:37","2024-09-13 20:48:37"
"X-Frame Banners 13oz Matte Vinyl",xframe-13oz-matte-5,"X-Frame Banners 13oz Matte Vinyl",large-format,0,"2024-09-13 20:48:37","2024-09-13 20:48:37"
"Banners 13oz Glossy Vinyl",banners-13oz-5,"Banners 13oz Glossy Vinyl",large-format,0,"2024-09-13 20:48:37","2024-09-13 20:48:37"
"A-Frame Signs 4mm Coroplast",aframe-4mm-5,"A-Frame Signs with 4mm Coroplast",large-format,0,"2024-09-13 20:48:38","2024-09-13 20:48:38"
name,slug,description,uncategorized,0,"2024-09-13 20:48:38","2024-09-13 20:48:38"
"Business Cards 14pt + UV (High Gloss)",business-cards-14pt-uv-high-gloss-6,"Business Cards 14pt with UV (High Gloss)",business-cards,0,"2024-09-13 20:48:38","2024-09-13 20:48:38"
"Business Cards 14pt + Matte Finish",business-cards-14pt-matte-satin-aq-7,"Business Cards 14pt with Matte Finish",business-cards,0,"2024-09-13 20:48:38","2024-09-13 20:48:38"
"Business Cards 18pt Matte / Silk Lamination",business-cards-16pt-matte-silk-lamination-3,"Business Cards 18pt with Matte / Silk Lamination",business-cards,0,"2024-09-13 20:48:38","2024-09-13 20:48:38"
"Business Cards 18pt Gloss Lamination",business-cards-16pt-gloss-lamination-3,"Business Cards 18pt with Gloss Lamination",business-cards,0,"2024-09-13 20:48:39","2024-09-13 20:48:39"
"Business Cards 16pt + AQ",business-cards-16pt-aq-3,"Business Cards 16pt with AQ",business-cards,0,"2024-09-13 20:48:39","2024-09-13 20:48:39"
"Business Cards 16pt + UV",business-cards-16pt-uv-3,"Business Cards 16pt with UV",business-cards,0,"2024-09-13 20:48:39","2024-09-13 20:48:39"
"Business Cards 18pt Matte Lam + SPOT UV",business-cards-16pt-matte-lam-spot-uv-3,"Business Cards 18pt Matte Lam with SPOT UV",business-cards,0,"2024-09-13 20:48:39","2024-09-13 20:48:39"
"Postcards 14pt Writable + AQ (C1S)",postcards-14pt-writable-aq-c1s-3,"Postcards 14pt Writable with AQ (C1S)",print-products,0,"2024-09-13 20:48:39","2024-09-13 20:48:39"
"Postcards 14pt Writable + UV (C1S)",postcards-14pt-writable-uv-c1s-3,"Postcards 14pt Writable with UV (C1S)",print-products,0,"2024-09-13 20:48:39","2024-09-13 20:48:39"
"Postcards 16pt + AQ",postcards-16pt-aq-3,"Postcards 16pt with AQ",print-products,0,"2024-09-13 20:48:39","2024-09-13 20:48:39"
"Postcards 16pt + UV",postcards-16pt-uv-3,"Postcards 16pt with UV",print-products,0,"2024-09-13 20:48:39","2024-09-13 20:48:39"
"Postcards 16pt + Matte Finish",postcards-16pt-matte-finish-3,"Postcards 16pt with Matte Finish",print-products,0,"2024-09-13 20:48:40","2024-09-13 20:48:40"
"Postcards 13pt Enviro Uncoated",postcards-13pt-enviro-3,"Postcards 13pt Enviro Uncoated",print-products,0,"2024-09-13 20:48:40","2024-09-13 20:48:40"
"Postcards 13pt Linen Uncoated",postcards-13pt-linen-3,"Postcards 13pt Linen Uncoated",print-products,0,"2024-09-13 20:48:40","2024-09-13 20:48:40"
"Flyers 100lb Gloss Text",flyers-100lb-gloss-6,"Flyers 100lb Gloss Text",print-products,0,"2024-09-13 20:48:40","2024-09-13 20:48:40"
"Flyers 100LB + UV (High Gloss)",flyers-100lb-uv-6,"Flyers 100LB with UV (High Gloss)",print-products,0,"2024-09-13 20:48:40","2024-09-13 20:48:40"
"Flyers 100lb + Matte Finish",flyers-100lb-matte-finish-3,"Flyers 100lb with Matte Finish",print-products,0,"2024-09-13 20:48:40","2024-09-13 20:48:40"
"Flyers 80LB Enviro Uncoated",flyers-80lb-enviro-3,"Flyers 80LB Enviro Uncoated",print-products,0,"2024-09-13 20:48:40","2024-09-13 20:48:40"
"Flyers 70LB Linen Uncoated",flyers-70lb-linen-3,"Flyers 70LB Linen Uncoated",print-products,0,"2024-09-13 20:48:40","2024-09-13 20:48:40"
"Brochures 100LB Gloss Text",brochures-100lb-gloss-3,"Brochures 100LB Gloss Text",print-products,0,"2024-09-13 20:48:41","2024-09-13 20:48:41"
"Brochures 100LB + UV (High Gloss)",brochures-100lb-uv-3,"Brochures 100LB with UV (High Gloss)",print-products,0,"2024-09-13 20:48:41","2024-09-13 20:48:41"
"Brochures 100LB + Matte Finish",brochures-100lb-matte-finish-3,"Brochures 100LB with Matte Finish",print-products,0,"2024-09-13 20:48:41","2024-09-13 20:48:41"
"Brochures 80LB Enviro Uncoated",brochures-80lb-enviro-3,"Brochures 80LB Enviro Uncoated",print-products,0,"2024-09-13 20:48:41","2024-09-13 20:48:41"
"Booklets 80lb Gloss Text (8.5 x 5.5)",booklets-80lb-85x55-6,"Booklets 80lb Gloss Text (8.5 x 5.5)",print-products,0,"2024-09-13 20:48:41","2024-09-13 20:48:41"
"Booklets 80lb Gloss Text (8.5 x 11)",booklets-80lb-85x11-6,"Booklets 80lb Gloss Text (8.5 x 11)",print-products,0,"2024-09-13 20:48:41","2024-09-13 20:48:41"
"Booklets 100lb Gloss Text (8.5 x 5.5)",booklets-100lb-85x55-6,"Booklets 100lb Gloss Text (8.5 x 5.5)",print-products,0,"2024-09-13 20:48:41","2024-09-13 20:48:41"
"Booklets 100lb Gloss Text (8.5 x 11)",booklets-100lb-85x11-6,"Booklets 100lb Gloss Text (8.5 x 11)",print-products,0,"2024-09-13 20:48:41","2024-09-13 20:48:41"
"Presentation Folders 14PT + AQ",presentation-folders-14pt-aq-6,"Presentation Folders 14PT with AQ",print-products,0,"2024-09-13 20:48:42","2024-09-13 20:48:42"
"Presentation Folders 14PT + Matte Finish",presentation-folders-14pt-matte-finish-2,"Presentation Folders 14PT with Matte Finish",print-products,0,"2024-09-13 20:48:42","2024-09-13 20:48:42"
"Presentation Folders 14PT + UV (High Gloss)",presentation-folders-14pt-uv-3,"Presentation Folders 14PT with UV (High Gloss)",print-products,0,"2024-09-13 20:48:42","2024-09-13 20:48:42"
name,slug-1,description,uncategorized,0,"2024-09-13 20:48:42","2024-09-13 20:48:42"
"Magnets 14PT",magnets-14pt-6,"Magnets 14PT",print-products,0,"2024-09-13 20:48:42","2024-09-13 20:48:42"
"Wall Calendars 80LB Gloss Text",wall-calendars-80lb-6,"Wall Calendars 80LB Gloss Text",print-products,0,"2024-09-13 20:48:42","2024-09-13 20:48:42"
"Wall Calendars 100LB Gloss Text",wall-calendars-100lb-3,"Wall Calendars 100LB Gloss Text",print-products,0,"2024-09-13 20:48:42","2024-09-13 20:48:42"
"Posters 100LB Gloss Text",posters-100lb-3,"Posters 100LB Gloss Text",print-products,0,"2024-09-13 20:48:42","2024-09-13 20:48:42"
"Posters 100LB + Matte Finish",posters-100lb-matte-finish-3,"Posters 100LB with Matte Finish",print-products,0,"2024-09-13 20:48:42","2024-09-13 20:48:42"
"Posters 100LB + UV (High Gloss)",posters-100lb-uv-6,"Posters 100LB with UV (High Gloss)",print-products,0,"2024-09-13 20:48:43","2024-09-13 20:48:43"
"Posters 80LB Enviro Uncoated",posters-80lb-enviro-3,"Posters 80LB Enviro Uncoated",print-products,0,"2024-09-13 20:48:43","2024-09-13 20:48:43"
"Door Hangers 14PT + AQ",door-hangers-14pt-aq-6,"Door Hangers 14PT with AQ",print-products,0,"2024-09-13 20:48:43","2024-09-13 20:48:43"
"Door Hangers 14PT + UV (High Gloss)",door-hangers-14pt-uv-6,"Door Hangers 14PT with UV (High Gloss)",print-products,0,"2024-09-13 20:48:43","2024-09-13 20:48:43"
"Door Hangers 14PT + Matte Finish",door-hangers-14pt-matte-finish-3,"Door Hangers 14PT with Matte Finish",print-products,0,"2024-09-13 20:48:43","2024-09-13 20:48:43"
"Door Hangers 13PT Enviro Uncoated",door-hangers-13pt-enviro-3,"Door Hangers 13PT Enviro Uncoated",print-products,0,"2024-09-13 20:48:43","2024-09-13 20:48:43"
"Plastic 14PT",plastic-14pt-6,"Plastic 14PT",print-products,0,"2024-09-13 20:48:43","2024-09-13 20:48:43"
"Clings Transparent",clings-transparent-3,"Clings Transparent",print-products,0,"2024-09-13 20:48:43","2024-09-13 20:48:43"
"Clings Opaque",clings-opaque-3,"Clings Opaque",print-products,0,"2024-09-13 20:48:43","2024-09-13 20:48:43"
"Letterheads 60LB Uncoated",letterheads-60lb-6,"Letterheads 60LB Uncoated",print-products,0,"2024-09-13 20:48:44","2024-09-13 20:48:44"
"Envelopes 60LB Uncoated",envelopes-60lb-3,"Envelopes 60LB Uncoated",print-products,0,"2024-09-13 20:48:44","2024-09-13 20:48:44"
"Notepads 60LB Uncoated (25 pages)",notepads-60lb-25pg-3,"Notepads 60LB Uncoated (25 pages)",print-products,0,"2024-09-13 20:48:44","2024-09-13 20:48:44"
"Notepads 60LB Uncoated (50 pages)",notepads-60lb-50pg-3,"Notepads 60LB Uncoated (50 pages)",print-products,0,"2024-09-13 20:48:44","2024-09-13 20:48:44"
"60lb slit back label / Stickers",labels-60lb-3,"60lb slit back label / Stickers",print-products,0,"2024-09-13 20:48:44","2024-09-13 20:48:44"
"4mm Coroplast (Yard Signs)",4mm-coroplast-3,"4mm Coroplast Yard Signs",print-products,0,"2024-09-13 20:48:44","2024-09-13 20:48:44"
"6mm Coroplast",6mm-coroplast-3,"6mm Coroplast Yard Signs",print-products,0,"2024-09-13 20:48:44","2024-09-13 20:48:44"
"8mm Coroplast",8mm-coroplast-3,"8mm Coroplast Yard Signs",print-products,0,"2024-09-13 20:48:44","2024-09-13 20:48:44"
"4mm Foam Board",4mm-foam-3,"4mm Foam Board",print-products,0,"2024-09-13 20:48:45","2024-09-13 20:48:45"
"Banners 13oz Glossy Vinyl",banners-13oz-6,"Banners 13oz Glossy Vinyl",print-products,0,"2024-09-13 20:48:45","2024-09-13 20:48:45"
"Banners 13oz Matte Vinyl",banner-matte-13oz-3,"Banners 13oz Matte Vinyl",print-products,0,"2024-09-13 20:48:45","2024-09-13 20:48:45"
"Pull Up Banners 13oz Matte Vinyl Silverbase",pullupbanner-13oz-3,"Pull Up Banners 13oz Matte Vinyl Silverbase",print-products,0,"2024-09-13 20:48:45","2024-09-13 20:48:45"
"Car Magnets (30mil)",carmagnets-30mil-3,"Car Magnets (30mil)",print-products,0,"2024-09-13 20:48:45","2024-09-13 20:48:45"
"Large Format Posters 8pt C2S",largeformatposters-8pt-3,"Large Format Posters 8pt C2S",print-products,0,"2024-09-13 20:48:45","2024-09-13 20:48:45"
"20pt Styrene",styrene-20pt-6,"20pt Styrene",print-products,0,"2024-09-13 20:48:45","2024-09-13 20:48:45"
"Display Board 24PT",displayboard-24pt-3,"Display Board 24PT",print-products,0,"2024-09-13 20:48:45","2024-09-13 20:48:45"
"Display Board 40PT",displayboard-40pt-3,"Display Board 40PT",print-products,0,"2024-09-13 20:48:45","2024-09-13 20:48:45"
"Canvas Roll",canvasroll-2,"Canvas Roll",print-products,0,"2024-09-13 20:48:46","2024-09-13 20:48:46"
"3mm Sintra",sintra-3mm-3,"3mm Sintra",print-products,0,"2024-09-13 20:48:46","2024-09-13 20:48:46"
"X-Frame Banners 13oz Matte Vinyl",xframe-13oz-matte-6,"X-Frame Banners 13oz Matte Vinyl",print-products,0,"2024-09-13 20:48:46","2024-09-13 20:48:46"
"A-Frame Signs 4mm Coroplast",aframe-4mm-6,"A-Frame Signs 4mm Coroplast",print-products,0,"2024-09-13 20:48:46","2024-09-13 20:48:46"
"Numbered Tickets 14pt",numberedtickets-14pt-3,"Numbered Tickets 14pt",print-products,0,"2024-09-13 20:48:46","2024-09-13 20:48:46"
"Supply Boxes",supplyboxes-office-3,"Supply Boxes",print-products,0,"2024-09-13 20:48:46","2024-09-13 20:48:46"
"H Stand (for signs)",hstand-office-3,"H Stand (for signs)",print-products,0,"2024-09-13 20:48:46","2024-09-13 20:48:46"
"A Frame Stands",aframestands-office-3,"A Frame Stands",print-products,0,"2024-09-13 20:48:46","2024-09-13 20:48:46"
"Profit Pak (Samples)",samplekits-office-3,"Profit Pak (Samples)",print-products,0,"2024-09-13 20:48:46","2024-09-13 20:48:46"
"UV Folded Business Cards 14pt",foldedbusinesscards-14pt-uv-3,"Folded Business Cards 14pt UV",print-products,0,"2024-09-13 20:48:47","2024-09-13 20:48:47"
"Folded Business Cards 14pt Matte Finish",foldedbusinesscards-14pt-matte-3,"Folded Business Cards 14pt Matte Finish",print-products,0,"2024-09-13 20:48:47","2024-09-13 20:48:47"
"Folded Business Cards 13pt Enviro Uncoated",foldedbusinesscards-13pt-enviro-3,"Folded Business Cards 13pt Enviro Uncoated",print-products,0,"2024-09-13 20:48:47","2024-09-13 20:48:47"
"Variable Printing 14pt",variableprinting-14pt-3,"Variable Printing 14pt",print-products,0,"2024-09-13 20:48:47","2024-09-13 20:48:47"
"Tear Cards 14pt + UV",tearcards-14pt-uv-3,"Tear Cards 14pt UV",print-products,0,"2024-09-13 20:48:47","2024-09-13 20:48:47"
"Tear Cards 14pt + Matte Finish",tearcards-14pt-matte-3,"Tear Cards 14pt Matte Finish",print-products,0,"2024-09-13 20:48:47","2024-09-13 20:48:47"
"Tear Cards 13pt + Enviro Uncoated",tearcards-13pt-enviro-3,"Tear Cards 13pt Enviro Uncoated",print-products,0,"2024-09-13 20:48:47","2024-09-13 20:48:47"
"Digital Sheets 14pt + Matte Finish",digitalsheets-14pt-matte-3,"Digital Sheets 14pt Matte Finish",print-products,0,"2024-09-13 20:48:47","2024-09-13 20:48:47"
"Digital Sheets 13pt Enviro Uncoated",digitalsheets-13pt-enviro-3,"Digital Sheets 13pt Enviro Uncoated",print-products,0,"2024-09-13 20:48:47","2024-09-13 20:48:47"
"Digital Sheets 100lb Gloss Text",digitalsheets-100lb-gloss-3,"Digital Sheets 100lb Gloss Text",print-products,0,"2024-09-13 20:48:48","2024-09-13 20:48:48"
"Digital Sheets 100lb + Matte Finish",digitalsheets-100lb-matte-3,"Digital Sheets 100lb Matte Finish",print-products,0,"2024-09-13 20:48:48","2024-09-13 20:48:48"
"Digital Sheets 80lb Enviro Uncoated",digitalsheets-80lb-enviro-3,"Digital Sheets 80lb Enviro Uncoated",print-products,0,"2024-09-13 20:48:48","2024-09-13 20:48:48"
